{"schemaVersion":"1.0","appDefinitionTemplate":{"id":"/providers/Microsoft.PowerApps/apps/","type":"Microsoft.PowerApps/apps","tags":{"primaryDeviceWidth":"1366","primaryDeviceHeight":"768","supportsPortrait":"true","supportsLandscape":"true","primaryFormFactor":"Tablet","showStatusBar":"false","publisherVersion":"3.23121.20","minimumRequiredApiVersion":"2.2.0","hasComponent":"false","hasUnlockedComponent":"false","isUnifiedRootApp":"false","offlineLargeFilesSupport":"false","sienaVersion":"20231214T191104Z-3.23121.20.0"},"properties":{"appVersion":"2023-12-14T19:11:04Z","lifeCycleId":"Published","createdByClientVersion":{"major":3,"minor":23121,"build":20,"revision":0,"majorRevision":0,"minorRevision":0},"minClientVersion":{"major":3,"minor":23121,"build":20,"revision":0,"majorRevision":0,"minorRevision":0},"backgroundColor":"RGBA(0,176,240,1)","backgroundImageUri":"/6054729200703939905/Nd0bc1a70-2717-4122-a507-15047d8db426-logoSmallFile","displayName":"MyFinanceTracker","description":"","commitMessage":"","appUris":{"documentUri":{"value":"/6054729200703939905/N15eb28e8-4e40-44f8-8cf7-20f33a118459-document.msapp"},"imageUris":[],"additionalUris":[{"isSolutionAware":false,"value":"/6054729200703939905/Na6ecf54a-9e5c-453f-8e01-972f6fd65062-identity.json"}]},"createdTime":"0001-01-01T00:00:00Z","lastModifiedTime":"0001-01-01T00:00:00Z","sharedGroupsCount":0,"sharedUsersCount":0,"connectionReferences":{},"databaseReferences":{},"almMode":"Solution","performanceOptimizationEnabled":true,"canConsumeAppPass":true,"enableModernRuntimeMode":false,"executionRestrictions":{"isTeamsOnly":false,"dataLossPreventionEvaluationResult":{"status":"Compliant","lastEvaluationDate":"2023-12-14T19:11:13.6995397Z","violations":[],"violationsByPolicy":[],"violationErrorMessage":"The app uses the following connectors: ."}}},"appType":"ClassicCanvasApp","appComponents":[]}}